experiment_id,batch_index,origin,status,metal,c_metal_M,c_hcf_M,c_nacl_M,c_citrate_M,ph,temperature_C,addition_rate_mL_min,aging_time_h,stir_rate_rpm,volume_A_mL,volume_B_mL,isolated_yield,capacity_mAh_g,xrd_lattice_a_A,xrd_domain_size_nm,xrd_crystallinity_index,xrd_fwhm_200_deg,xrd_phase,xrd_n_peaks_indexed,xrd_fit_residual,uvvis_residual_hcf_M,uvvis_a_420,uvvis_conversion,uvvis_ivct_lambda_max_nm,comp_na_per_fu,comp_fe_per_metal,comp_vacancy_fraction,comp_water_per_fu,comp_formula,obj_na_inventory,obj_framework_integrity,con_isolated_yield,feasible,duration_s,error,scalar
demo-01-b00-e00,0,sobol,complete,Cu,0.06705494568340212,0.2082843811961811,2.176114758476615,0.15248106038197876,6.754768747836351,83.52698944043368,0.13959288927364172,0.9991560516393811,903.0298346653581,10.0,10.0,0.4841871269580195,39.090093062024096,10.098357472949836,25.803563946314533,0.3229366180563726,0.3226367144982717,cubic,8.0,0.0013415396449251256,0.04298086005535478,1.7190947553283356,0.587286768133886,,1.1468560222656643,0.703162720839087,0.29683727916091296,2.594969922106706,Na1.15Cu[Fe(CN)6]0.70·2.6H2O,0.5734280111328321,0.703162720839087,0.13418712695801954,True,3.7672605514526367,,0.31862877386571403
demo-01-b00-e01,0,sobol,failed,Ni,0.03795112118875639,0.03479062657358995,2.617620760574937,0.43317706938833,1.0094540659338236,42.43353682104498,2.783960380919987,5.308012957462914,693.6277410015464,10.0,10.0,,,,,,,,,,,,,,,,,,,,,,,0.0004639625549316406,infeasible recipe: citrate exceeds stock solubility budget,
demo-01-b00-e02,0,sobol,complete,Mn,0.014243753674113995,0.08382921534975356,0.10833550710231066,0.007724385615438223,2.8480951860547066,26.968033318407834,0.4224798908207418,11.368699796737767,259.90721099078655,10.0,10.0,0.6575518053450855,29.468126670206185,10.491371514086083,21.52928304343213,0.6466102063062432,0.378693135308681,cubic,8.0,0.0017690696934405444,0.012204525724990391,0.5132986208838463,0.7088240496091851,,0.5033464249625923,0.874057614040905,0.12594238595909502,2.1585735466436797,Na0.50Mn[Fe(CN)6]0.87·2.2H2O,0.25167321248129615,0.874057614040905,0.3075518053450855,True,10.36228060722351,,0.1539798769037031
demo-01-b00-e03,0,sobol,complete,Cu,0.24835638669649354,0.014002468923453186,4.6268132561817765,0.28954220172017814,5.387576265260577,67.12520857807249,8.47359181489832,3.432747846358105,961.5006193518639,10.0,10.0,0.7309617973481134,58.279337173969836,10.082000000000361,21.140304772157446,0.6215667031609166,0.3959179773948039,cubic,8.0,0.002531335367011663,0.0018500804112681528,0.1289784264470052,0.735749399426355,690.0,1.21345913448708,0.7753225571293921,0.22467744287060787,2.4038284451339598,Na1.21Cu[Fe(CN)6]0.78·2.4H2O,0.60672956724354,0.7753225571293921,0.3809617973481134,True,5.551774740219116,,0.3379160867310933
demo-01-b00-e04,0,sobol,complete,Fe,0.15078736152471886,0.07790042537838096,3.623291733674705,0.2639209587592632,4.370561743155122,74.3786999816075,0.5845591542203815,15.238658912141572,337.7587113529444,10.0,10.0,0.804445371775307,79.99224907198439,10.172940245873862,29.91197468609479,0.505655280846291,0.29765187811981725,cubic,8.0,0.005561650497476622,0.0077822163831627374,0.28150444939544816,0.8002009271358236,,1.5168343062539573,0.951106296322833,0.048893703677167055,1.5782443846117415,Na1.52Fe[Fe(CN)6]0.95·1.6H2O,0.7584171531269787,0.951106296322833,0.45444537177530697,True,14.243513345718384,,0.42194666279973464
demo-01-b00-e05,0,sobol,complete,Mn,0.016873759103837205,0.016104210711595523,1.5805331384763122,0.09661844721995294,3.8624582774937153,49.455543528310955,11.793182994087536,1.6769997151141063,1133.1593476235867,10.0,10.0,0.17276563886804638,55.22247966856053,10.484746049581938,26.18376465286382,0.6019184326726149,0.3166277631704414,cubic,8.0,0.0012117186414777102,0.005891084912362448,0.2195573897459845,0.26837955391124046,,1.0213260619982196,0.842912660100777,0.15708733989922297,1.8721252462887885,Na1.02Mn[Fe(CN)6]0.84·1.9H2O,0.5106630309991098,0.842912660100777,-0.1772343611319536,False,3.1001105308532715,,-0.41203202639618375
demo-01-b00-e06,0,sobol,complete,Ni,0.0328913328268338,0.1909865594076212,4.128573313355446,0.3462761480826885,2.2331061493605375,33.94250040408224,0.09187109173707403,0.5205178728817828,824.6939273551106,10.0,10.0,0.11561282420851134,64.84914897092465,10.21313164264331,18.753991864371145,0.670612882424985,0.43869600102883216,cubic,8.0,0.0014751644790105705,0.08161202165767711,2.6489910255713647,0.14536371657972869,,1.0695046744148209,0.8845312068558341,0.11546879314416592,1.6939412276010073,Na1.07Ni[Fe(CN)6]0.88·1.7H2O,0.5347523372074104,0.8845312068558341,-0.23438717579148866,False,3.523165225982666,,-0.43203551152702097
demo-01-b00-e07,0,sobol,complete,Fe,0.10752677475047553,0.039481991171645664,1.133833508938551,0.17609230033122003,5.533956922590733,57.770684217102826,1.8215351542555598,7.530008865640662,521.4769763872027,10.0,10.0,0.6359399984258167,60.11350164817649,10.175663295194104,32.82287918426342,0.5599705190817356,0.25335035403222195,cubic,8.0,0.0018450137432954427,0.006195969653841678,0.23509164806118057,0.6861369211646363,,1.1293615604041514,0.8856475714676456,0.11435242853235439,1.5465517040289252,Na1.13Fe[Fe(CN)6]0.89·1.5H2O,0.5646807802020757,0.8856475714676456,0.28593999842581674,True,8.050333499908447,,0.31859859889278086
demo-01-b00-e08,0,sobol,complete,Cu,0.10223880570720786,0.12734550942648765,3.9684166107326746,0.06231046887114644,1.693289702758193,70.4575196839869,0.7300934481953015,19.775402218935863,439.01557084172964,10.0,10.0,0.9253004009708706,23.843258808136945,10.116864237809208,31.50609599066153,0.5298123996982664,0.2617678251019427,cubic,8.0,0.0008196184062278852,0.006349160287930151,0.2522324083131753,0.9002845044709596,,0.4952743659819162,0.7934755561075797,0.2065244438924203,1.9691176736468352,Na0.50Cu[Fe(CN)6]0.79·2.0H2O,0.2476371829909581,0.7934755561075797,0.5753004009708707,True,16.33350706100464,,0.1498464099729425
demo-01-b00-e09,0,sobol,complete,Fe,0.025222441212282933,0.010955960096343453,0.6690777000039816,0.2313844319432974,6.4487360417842865,29.34867857955396,14.729218487272718,1.3721934780200078,1139.8154923692346,10.0,10.0,0.13853533835699267,24.777145974951598,10.225205911841146,13.11998408967795,0.4584620300634411,0.6248484882324103,cubic,8.0,0.004559062848951255,0.0044219862487482955,0.1734541777431475,0.19277065453640496,,0.6445781863189082,0.6365591954725636,0.36344080452743643,2.9511382882247235,Na0.64Fe[Fe(CN)6]0.64·3.0H2O,0.3222890931594541,0.6365591954725636,-0.2114646616430073,False,2.835787296295166,,-0.42401263157505253
demo-01-b00-e10,0,sobol,quarantined,Co,0.022008086229097553,0.2807304193659175,3.1603933358564973,0.19979170532897114,4.908921794965863,45.89321584440768,0.05300380201208005,0.6409759632547576,706.344348192215,10.0,10.0,0.18049823826387884,84.88224522910724,10.238333269651857,22.064033966944557,0.6801397443089816,0.38593730317184927,cubic,8.0,0.0052484739038739184,0.48873665698623847,3.646270899047881,0.0,,1.3816250167812671,0.8898665757802121,0.11013342421978789,1.2904395985203516,Na1.38Co[Fe(CN)6]0.89·1.3H2O,,,,,4.588665008544922,essentially no conversion detected,
demo-01-b00-e11,0,sobol,complete,Co,0.15860795653432314,0.024152283099104336,1.41849544364959,0.3682313796132803,2.9491524510085583,86.03404130786657,1.050907616909205,5.7586672875744345,497.73574136197567,10.0,10.0,0.5912715971871407,45.28463950610129,10.289800319354061,37.22661879737614,0.5054491555103244,0.22548119431992264,cubic,8.0,0.0009329484367158977,0.004697997180705315,0.1688994447566702,0.6109686888458561,,1.0920357190936987,0.7750440230828292,0.22495597691717084,2.3161066685852143,Na1.09Co[Fe(CN)6]0.78·2.3H2O,0.5460178595468493,0.7750440230828292,0.24127159718714075,True,8.297405481338501,,0.30603547683916665
demo-01-b00-e12,0,sobol,complete,Mn,0.23609672016693475,0.13084196366333944,0.5815995996817946,0.4006195081863552,3.433333098888397,63.578006168827415,0.15509282965662075,1.2972543083378394,877.9477037489414,10.0,10.0,0.637531224336481,55.67389776067723,10.491368809923642,26.142117886856983,0.6496998022307556,0.31698587901133,cubic,8.0,0.0013773958012537632,0.01951945464159591,0.7994588860129259,0.701633113794897,,0.9841282446234771,0.8475301854258117,0.1524698145741883,1.773141758371679,Na0.98Mn[Fe(CN)6]0.85·1.8H2O,0.49206412231173857,0.8475301854258117,0.28753122433648104,True,4.277658224105835,,0.27952191884930805
demo-01-b00-e13,0,sobol,complete,Co,0.010920293328244316,0.04979729362283394,4.778465288691223,0.11817951346747578,4.427398299798369,38.67222184315324,3.093074001985243,4.3452175419542005,575.6463099271059,10.0,10.0,0.1567627052004046,101.63887006564346,10.238183241270141,20.81181830812993,0.6911098015481337,0.4076809947449882,cubic,8.0,0.005570374543052321,0.017450344071521764,0.6773022657367418,0.29914488109771,,1.6468743496223957,0.9157907643926501,0.08420923560734994,1.3277133451295104,Na1.65Co[Fe(CN)6]0.92·1.3H2O,0.8234371748111978,0.9157907643926501,-0.19323729479959537,False,5.428707122802734,,-0.4176330531798583
demo-01-b00-e14,0,sobol,complete,Mn,0.04948792420259665,0.05856720630531277,2.3271252773702145,0.31147725717164576,6.168080162256956,55.137481205165386,0.22721728963933308,13.992767705448838,266.92768912762403,10.0,10.0,0.40754414805318057,79.5679240711157,10.448854703896979,36.328644980258076,0.5182263157310207,0.22999599058022613,cubic,8.0,0.000914784054929207,0.01400405897343911,0.5216202073988231,0.5217781466155141,,1.4639018066507028,0.9806965617326127,0.01930343826738734,1.1797890978200298,Na1.46Mn[Fe(CN)6]0.98·1.2H2O,0.7319509033253514,0.9806965617326127,0.05754414805318059,True,12.520799398422241,,0.4087916382891248
demo-01-b00-e15,0,sobol,complete,Ni,0.070519025929321,0.022290041590156157,3.0915403366088867,0.03143108035437763,1.9711110461503267,78.98003117181361,4.557236363478152,2.6240443164381047,1061.412768252194,10.0,10.0,0.7376587524200023,18.1190873482009,10.288959652354315,22.477192470702086,0.46240016980850573,0.3625221905820761,cubic,8.0,0.0017667326834357759,0.0016394414980626525,0.11784017583039871,0.85289919792822,690.0,0.5542043080299527,0.5722197662108243,0.42778023378917573,3.350812282149517,Na0.55Ni[Fe(CN)6]0.57·3.4H2O,0.27710215401497634,0.5722197662108243,0.38765875242000236,True,3.871915578842163,,0.1597841250131332
demo-01-b01-e00,1,qnehvi,complete,Fe,0.1163217368559496,0.062073618793200516,3.6986406346906224,0.20668773257673392,4.771957424445201,66.75897254579391,1.9399019606421266,14.542709272043687,345.6396899241721,10.0,10.0,0.7518593035641962,76.01460180731729,10.171783151273308,29.018184922276816,0.5440090797733284,0.3075300192862606,cubic,8.0,0.005325835468054196,0.007634142038267589,0.2823874479324702,0.7540294190451218,,1.413834977762067,0.8439092809542357,0.15609071904576433,1.1982755000353806,Na1.41Fe[Fe(CN)6]0.84·1.2H2O,0.7069174888810335,0.8439092809542357,0.4018593035641962,True,12.509856700897217,,0.39222941368639846
demo-01-b01-e01,1,qnehvi,complete,Ni,0.09386247847953122,0.0871664876693264,3.79020550665524,0.2980115204770907,5.569264322044412,64.7114810772024,0.30723845969168695,10.767146632879035,286.65793927214787,10.0,10.0,0.5942924187575627,82.14382370088221,10.193331556212998,29.98711144586225,0.5459587693490733,0.29827994843689953,cubic,8.0,0.00585366706052536,0.016588952480612318,0.6259259066021576,0.6193731576395749,,1.5026392216459001,0.9113470991014989,0.08865290089850109,1.2315223683420695,Na1.50Ni[Fe(CN)6]0.91·1.2H2O,0.7513196108229501,0.9113470991014989,0.2442924187575627,True,10.156514406204224,,0.4172264731595863
demo-01-b01-e02,1,qnehvi,complete,Fe,0.13540636087108504,0.09482212389447742,3.1528427526416087,0.2892975117653671,5.602346313859069,73.26793793049028,0.9927068482586369,20.083104381833483,223.65251462527132,10.0,10.0,0.7879717326884121,63.04453180160812,10.173673765807756,29.801493220813676,0.5128737046597096,0.2964730724717023,cubic,8.0,0.00615300465092987,0.011678090036890808,0.4266368635005337,0.7536842762584237,,1.2027344183390942,0.867079719390747,0.13292028060925298,1.4546917610383039,Na1.20Fe[Fe(CN)6]0.87·1.5H2O,0.6013672091695471,0.867079719390747,0.43797173268841216,True,16.995900869369507,,0.3373947777987809
demo-01-b01-e03,1,qnehvi,complete,Fe,0.08085100737585878,0.0661989442709856,2.69254841905137,0.3642352935952357,5.475608569561996,63.09880850963733,0.23958258651470146,16.839928559929778,339.1566270455904,10.0,10.0,0.45863774990595435,75.77934262343032,10.163968299343255,29.179673273809748,0.5705849755648945,0.3074363686118608,cubic,8.0,0.004946142152651107,0.01321327804986598,0.4916983217833495,0.6008009434175452,,1.374444538956876,0.88136892028744,0.11863107971256004,1.3446598215063519,Na1.37Fe[Fe(CN)6]0.88·1.3H2O,0.687222269478438,0.88136892028744,0.10863774990595437,True,15.120564699172974,,0.38282591448336595
demo-01-b01-e04,1,qnehvi,complete,Fe,0.17952152225522533,0.03058326189695787,4.242606511243,0.2274587872698948,4.794372588226246,71.62689286822311,0.6704450212432208,19.084216173858348,356.24452229539725,10.0,10.0,0.8606407893947308,77.20576728318925,10.168574105817067,29.408493406815285,0.5526766780054411,0.3019867362009729,cubic,8.0,0.005419128898149296,0.0024606971582469797,0.09400135338921897,0.8390820987939324,,1.419549049215743,0.9063996442083669,0.09360035579163306,1.4514994710919553,Na1.42Fe[Fe(CN)6]0.91·1.5H2O,0.7097745246078715,0.9063996442083669,0.5106407893947308,True,15.856587648391724,,0.3952916165243417
demo-01-b01-e05,1,qnehvi,complete,Cu,0.0832279689441043,0.07276705473316318,2.6679835437377393,0.2959383093540268,5.5667733573722025,58.59383481556002,0.23104557227645595,18.877487518785518,200.0,10.0,10.0,0.5545626169113873,81.58542332446126,10.05000000000035,30.80554685818185,0.5096092276617078,0.2932692299413901,cubic,8.0,0.005812439851567281,0.014352237015253785,0.5329508926859574,0.6055292585941965,,1.5420890306097819,0.9412116848187361,0.05878831518126393,1.248517455170889,Na1.54Cu[Fe(CN)6]0.94·1.2H2O,0.7710445153048909,0.9412116848187361,0.20456261691138733,True,16.026432991027832,,0.42832866265553615
demo-01-b01-e06,1,qnehvi,complete,Cu,0.10654103516270508,0.08663469168992063,3.8545431501336225,0.223307555357927,4.611290360776622,61.80982247172102,0.5492495846582259,10.576655978014106,358.1447972470141,10.0,10.0,0.6400332343031304,70.3400415086701,10.050762553870413,29.662427473398445,0.511279037717736,0.3017223119943807,cubic,8.0,0.005862157549592082,0.013959524898268532,0.5200067720781312,0.6777382218146075,,1.4011230583148464,0.8895249567017033,0.11047504329829672,1.5964184941861632,Na1.40Cu[Fe(CN)6]0.89·1.6H2O,0.7005615291574232,0.8895249567017033,0.29003323430313044,True,9.784945249557495,,0.39003292672518974
demo-01-b01-e07,1,replicate,complete,Fe,0.15078736152471886,0.07790042537838096,3.623291733674705,0.2639209587592632,4.370561743155122,74.3786999816075,0.5845591542203815,15.238658912141572,337.7587113529444,10.0,10.0,0.7630647102936036,64.87399525224592,10.167736369755831,28.89166674297063,0.518088130978968,0.306894646350748,cubic,8.0,0.00652427327967693,0.0077749027869609974,0.28619870571605294,0.8003886949475195,,1.2369212691737046,0.8889254384431293,0.11107456155687068,1.6229449667339775,Na1.24Fe[Fe(CN)6]0.89·1.6H2O,0.6184606345868523,0.8889254384431293,0.4130647102936036,True,13.135205745697021,,0.3469149691191757
demo-01-b02-e00,2,qnehvi,complete,Mn,0.2932657783050777,0.29508843072143953,3.1050698226317763,0.2030875467695296,5.260448118671775,53.115744735114276,0.05714204650844825,6.419169200256516,900.773268006742,10.0,10.0,0.9558097712189448,57.609783863432305,10.472718754648566,28.436511025384597,0.5709091513550956,0.28840337564356233,cubic,8.0,0.0008712693891478689,0.013526891811049883,0.5454888796130146,0.9083197414552715,,1.1561365502322563,0.8200722369452397,0.17992776305476033,2.0463242333532574,Na1.16Mn[Fe(CN)6]0.82·2.0H2O,0.5780682751161281,0.8200722369452397,0.6058097712189449,True,8.614280462265015,,0.32398765035959826
demo-01-b02-e01,2,qnehvi,complete,Cu,0.0678788838634604,0.09094621743533883,3.3262251719080456,0.23341170343137696,5.872737820361687,50.430608080758184,0.18728376268120722,24.000000000000004,240.1262638085795,10.0,10.0,0.5135106228478515,73.83472366618477,10.053200111702267,28.808208435511265,0.49680036746901135,0.30528657274063115,cubic,8.0,0.0056806714255668465,0.01857067867374817,0.7080174813897679,0.5916118515439832,,1.4142889891038144,0.9063285522641099,0.09367144773589009,1.3089563490324296,Na1.41Cu[Fe(CN)6]0.91·1.3H2O,0.7071444945519072,0.9063285522641099,0.16351062284785156,True,21.93832802772522,,0.39390907344635406
demo-01-b02-e02,2,qnehvi,complete,Cu,0.07838088579514439,0.09785635709774014,2.573059051145031,0.21841435070651982,5.5321332558894305,48.909684998089574,0.1280215417371835,24.000000000000004,200.0,10.0,10.0,0.5647302844153773,72.04022028127628,10.046583732273806,29.54003873312562,0.5161485012362492,0.29938041793846465,cubic,8.0,0.005765289652405048,0.019381871553467697,0.7430693738802135,0.6038709772506892,,1.3726491006781458,0.9344922992222677,0.06550770077773227,1.5047464836760867,Na1.37Cu[Fe(CN)6]0.93·1.5H2O,0.6863245503390729,0.9344922992222677,0.21473028441537734,True,22.85819101333618,,0.38368269640857
demo-01-b02-e03,2,qnehvi,complete,Cu,0.08070099011984959,0.11483919682984649,2.8766424602183527,0.2525279312802322,5.992003354720605,54.494006085592204,0.06257183806678285,23.329792898109243,377.62951317498147,10.0,10.0,0.5012433909803045,85.0901199212617,10.045654503500389,31.21937508631341,0.6879991180404847,0.2897225084630438,rhombohedral,8.0,0.005712624216572909,0.021279848803894268,0.8199729169635422,0.6293974637348966,,1.477500525108318,0.91119746533864,0.08880253466136001,1.2852899816344414,Na1.48Cu[Fe(CN)6]0.91·1.3H2O,0.738750262554159,0.91119746533864,0.15124339098030448,True,25.18925666809082,,0.4106238244743995
demo-01-b02-e04,2,qnehvi,complete,Cu,0.06738574008195336,0.09191300773369333,3.2718947966499723,0.21142075116608186,5.476064264981626,49.40865560574563,0.18513770863984758,17.036636178446606,461.8782252977404,10.0,10.0,0.47815833858507206,79.39633714638511,10.046400498819208,29.65504734101242,0.5196494873867873,0.30157017242718015,cubic,8.0,0.005980826896585961,0.01970911405965607,0.7534716303867769,0.5711354780868272,,1.5690186181147583,0.8742949390550318,0.12570506094496825,1.3883936374939614,Na1.57Cu[Fe(CN)6]0.87·1.4H2O,0.7845093090573791,0.8742949390550318,0.12815833858507208,True,14.917715072631836,,0.43372476073149985
demo-01-b02-e05,2,qnehvi,complete,Mn,0.09520363530138272,0.15472200087360521,2.907207990132715,0.26868321302726494,5.932520029422289,51.545710149486425,0.1576904753343272,16.276600279551573,200.0,10.0,10.0,0.5106279871060185,82.05618183940996,10.448446897124613,29.85275998147311,0.4771604929298261,0.30028578165726144,cubic,8.0,0.006054040060077365,0.02929485436598802,1.1554298793000262,0.6213227052315664,,1.5552010983487887,0.9242351220767565,0.07576487792324349,1.274284175493326,Na1.56Mn[Fe(CN)6]0.92·1.3H2O,0.7776005491743944,0.9242351220767565,0.16062798710601855,True,14.3684241771698,,0.43134616636847595
demo-01-b02-e06,2,qnehvi,complete,Cu,0.08419782603450912,0.06423199644844704,3.3207588230637413,0.2971520046380691,4.952980137390203,48.74254435421017,0.1800723509583889,21.09366331887837,247.26653552617705,10.0,10.0,0.45039147811110625,94.10356605055088,10.050385121811503,29.352295128340305,0.5671634686938103,0.3043583844652074,cubic,8.0,0.005674665293848838,0.014017031425602629,0.5280203999747496,0.5635498754315452,,1.7030708204265748,0.9398786822073024,0.06012131779269758,1.178222510683577,Na1.70Cu[Fe(CN)6]0.94·1.2H2O,0.8515354102132874,0.9398786822073024,0.10039147811110627,True,18.449899196624756,,0.47055305741715847
demo-01-b02-e07,2,replicate,complete,Cu,0.0832279689441043,0.07276705473316318,2.6679835437377393,0.2959383093540268,5.5667733573722025,58.59383481556002,0.23104557227645595,18.877487518785518,200.0,10.0,10.0,0.5095156679972929,71.66033541028716,10.050426089943484,30.040035385696576,0.5601041982208819,0.2972715387595144,cubic,8.0,0.005518679621141352,0.014343358803651583,0.5348965187277818,0.6057732759351416,,1.2952396125417818,0.952896937091623,0.04710306290837696,1.4044883389027067,Na1.30Cu[Fe(CN)6]0.95·1.4H2O,0.6476198062708909,0.952896937091623,0.1595156679972929,True,17.101637840270996,,0.3638228217195083
demo-01-b03-e00,3,qnehvi,complete,Cu,0.05479899725261612,0.03907066900340069,4.040083038546842,0.28157336100751823,4.388583099061128,55.36340603766175,0.05000000000000001,24.000000000000004,200.0,10.0,10.0,0.384640343422637,89.82944562085547,10.042818066972108,32.42103884889651,0.48859412433852695,0.2837136884757364,cubic,8.0,0.0057467070599527565,0.009092587705619624,0.3293110593046098,0.5345568459640038,,1.7151880999720384,0.9656254732379524,0.03437452676204755,1.1194201616799102,Na1.72Cu[Fe(CN)6]0.97·1.1H2O,0.8575940499860192,0.9656254732379524,0.034640343422637,True,23.559129238128662,,0.47437751307360887
demo-01-b03-e01,3,qnehvi,complete,Cu,0.051950786991101,0.040303972470558544,3.959386687530926,0.2638405828884292,5.0078104146723685,56.130982849656135,0.09862649827279789,16.415148595983382,220.7027272122273,10.0,10.0,0.46620161436813434,101.54688295269261,10.046245906450702,30.39831811331645,0.524713310840774,0.296368826227153,cubic,8.0,0.005017093889679711,0.009713180256787936,0.34980775018702726,0.5180038263531829,,1.901516567038203,0.938561787488846,0.061438212511154,1.0443414491570155,Na1.90Cu[Fe(CN)6]0.94·1.0H2O,0.9507582835191015,0.938561787488846,0.11620161436813436,True,17.83423161506653,,0.5165138955196217
demo-01-b03-e02,3,qnehvi,complete,Cu,0.08828502735693691,0.0481980953763359,4.130470979636219,0.2677256059228479,4.981708568723409,43.155339238891074,0.2425201602544412,24.000000000000004,200.0,10.0,10.0,0.4650799000490854,87.83019707424671,10.055701414612535,29.329661866810177,0.5599579242651239,0.30300751556193223,cubic,8.0,0.00535690166948953,0.011359658948438685,0.41879463036859654,0.5286262305702643,,1.6018039011514025,0.9092613763028486,0.09073862369715135,1.1134388036265517,Na1.60Cu[Fe(CN)6]0.91·1.1H2O,0.8009019505757012,0.9092613763028486,0.11507990004908542,True,24.233137845993042,,0.4432050584598144
demo-01-b03-e03,3,qnehvi,complete,Cu,0.10303161551480494,0.035847559082546596,3.5758946503906404,0.27258265541277266,4.671587372809377,41.34848232781718,0.05382067743139112,24.000000000000004,221.5043966798678,10.0,10.0,0.4473811103247338,85.28106757682137,10.046160598462965,30.86858382491539,0.5381185447234403,0.2935443619940442,cubic,8.0,0.005920371991855236,0.008915823300290256,0.32025202352962034,0.5025701314971162,,1.5579974937910168,0.9310658390051834,0.06893416099481664,1.0540897277419088,Na1.56Cu[Fe(CN)6]0.93·1.1H2O,0.7789987468955084,0.9310658390051834,0.09738111032473384,True,27.2147376537323,,0.4322509880952715
demo-01-b03-e04,3,qnehvi,complete,Cu,0.07319911882998076,0.07074032177410479,3.900442946786345,0.2668400056719173,4.76831102906398,40.13884181403058,0.3052808172498931,16.450229782078043,200.0,10.0,10.0,0.45840534133511496,78.69472165558943,10.052079817458024,28.267165241967575,0.560034152752859,0.3132296160557211,cubic,8.0,0.0053658194204750905,0.016999689983242857,0.6498102057440419,0.5193776461032225,,1.4603046293904578,0.9457258524767014,0.05427414752329862,1.6008670976154622,Na1.46Cu[Fe(CN)6]0.95·1.6H2O,0.7301523146952289,0.9457258524767014,0.10840534133511498,True,14.1198410987854,,0.40697311152691273
demo-01-b03-e05,3,qnehvi,complete,Cu,0.10382668186001921,0.059524824519496415,4.381276052737157,0.3718092821068477,4.39047947541097,57.715742376089395,0.0902997417392709,24.000000000000004,239.40519996680868,10.0,10.0,0.5085405024647565,85.95388591965391,10.04681688288038,31.351449069715073,0.5296447695144586,0.29150087876534836,cubic,8.0,0.00556089169685841,0.011834918148770992,0.43420868469968726,0.6023535308400731,,1.5827976031626243,0.9581916549614473,0.041808345038552686,1.1628668417305303,Na1.58Cu[Fe(CN)6]0.96·1.2H2O,0.7913988015813122,0.9581916549614473,0.15854050246475648,True,20.522459268569946,,0.4394391622042251
demo-01-b03-e06,3,qnehvi,complete,Cu,0.09715035925040379,0.034556675191230554,3.724009190544812,0.30946085388691813,4.8393051442317425,45.164853376536016,0.15366301407992178,24.000000000000004,200.0,10.0,10.0,0.4482857871395994,84.88011267466565,10.055963130427088,30.453312215657714,0.5316654335585373,0.2960757786497637,cubic,8.0,0.007044323963720306,0.008493973121568962,0.30515015116610966,0.508403335994287,,1.6220958321164898,0.9203922975115819,0.07960770248841809,1.3379901548692719,Na1.62Cu[Fe(CN)6]0.92·1.3H2O,0.8110479160582449,0.9203922975115819,0.0982857871395994,True,22.048115968704224,,0.4488099633683681
demo-01-b03-e07,3,replicate,complete,Cu,0.08419782603450912,0.06423199644844704,3.3207588230637413,0.2971520046380691,4.952980137390203,48.74254435421017,0.1800723509583889,21.09366331887837,247.26653552617705,10.0,10.0,0.5204919811302592,78.74235722265259,10.045978873040209,30.322068134665606,0.5217036715363135,0.29846113314296635,cubic,8.0,0.005264956915539188,0.014030062342167372,0.5254149434324094,0.5631441300932323,,1.5285403569755047,0.8920582425287802,0.10794175747121981,1.331564071875702,Na1.53Cu[Fe(CN)6]0.89·1.3H2O,0.7642701784877524,0.8920582425287802,0.1704919811302592,True,17.739054203033447,,0.4235432997692895
demo-01-b04-e00,4,qnehvi,complete,Fe,0.049992721737354966,0.02684479077901935,3.9027145845344147,0.18051525550188735,6.308030500575622,55.13401014155778,0.139094947020498,9.15565099198664,200.0,10.0,10.0,0.38599828926557767,78.12713471366686,10.16529980870992,29.38872344274114,0.5075519778970125,0.30468809465225877,cubic,8.0,0.005729947164784309,0.007359495107487874,0.26369834679822557,0.45170031921129994,,1.4337268947366548,0.907773891281458,0.09222610871854198,1.1825288182916696,Na1.43Fe[Fe(CN)6]0.91·1.2H2O,0.7168634473683274,0.907773891281458,0.03599828926557769,True,9.36378002166748,,0.39904765715040835
demo-01-b04-e01,4,qnehvi,complete,Co,0.038787338431674374,0.056387228200763966,1.342507847584784,0.010485528688877822,6.643750876188278,61.54100283049047,0.06570589598309144,9.56626448087166,218.45388673245907,10.0,10.0,0.883940288999121,48.515580076487666,10.274160761804081,30.431841515096934,0.44064129579954664,0.2692567776313809,cubic,8.0,0.001109682377196702,0.003066328086849929,0.13262143217627828,0.8912403327954899,,1.0519266926672204,0.8629947800253736,0.13700521997462645,2.0239984515328513,Na1.05Co[Fe(CN)6]0.86·2.0H2O,0.5259633463336102,0.8629947800253736,0.533940288999121,True,11.477857828140259,,0.2977056263257797
demo-01-b04-e02,4,qnehvi,complete,Ni,0.04491860491120623,0.08154536894636484,2.6279670379342406,0.23737088859708003,7.0,68.6827780219146,0.1582454955741451,9.904825771949099,258.89166784066435,10.0,10.0,0.4765984751952326,77.08810165364007,10.193198680553964,32.87875099837524,0.5206479836629513,0.2587892755730533,rhombohedral,2.0,0.0002855623361378883,0.01753425973034544,0.6624765194966703,0.5699508149413532,,1.5307701275357846,0.9137210589453747,0.0862789410546253,1.6076119832594598,Na1.53Ni[Fe(CN)6]0.91·1.6H2O,0.7653850637678923,0.9137210589453747,0.1265984751952326,True,12.51142954826355,,0.42467018495177783
demo-01-b04-e03,4,qnehvi,complete,Cu,0.05129509916223211,0.04160845993324306,4.640392433038163,0.2272208374241426,5.281739211662512,60.80884702122842,0.05000000000000001,8.539103159486114,225.48920289871157,10.0,10.0,0.4607865634525347,85.84030290610664,10.051338330174188,29.946582851620192,0.5559984772716069,0.3000530787136159,cubic,8.0,0.006161282698282765,0.010299052026844977,0.37875809240965247,0.5049539423776388,,1.5445024610408733,0.9458142393496074,0.0541857606503926,1.1591214956371838,Na1.54Cu[Fe(CN)6]0.95·1.2H2O,0.7722512305204366,0.9458142393496074,0.11078656345253474,True,13.91364073753357,,0.42907725200696945
demo-01-b04-e04,4,qnehvi,complete,Cu,0.051034376214013605,0.02751144522057887,3.3756068100203693,0.23766286465391953,5.673874325117182,58.25462865757264,0.05000000000000001,11.772289911331324,200.0,10.0,10.0,0.4166546213945997,95.92066099522953,10.052577471214466,31.280045735080208,0.6441953193498174,0.2894545131029778,rhombohedral,8.0,0.005911610852479059,0.007211451768057015,0.25250590787801885,0.47574896845747894,,1.6220030002197112,0.9692837347568798,0.03071626524312021,1.049663446808544,Na1.62Cu[Fe(CN)6]0.97·1.0H2O,0.8110015001098556,0.9692837347568798,0.06665462139459971,True,16.854461908340454,,0.4500078809265962
demo-01-b04-e05,4,qnehvi,complete,Cu,0.03763137055837167,0.03705779656449603,5.0,0.18049616637159402,5.032625355660174,53.06853325399744,0.09775542671068672,21.140546708711977,200.0,10.0,10.0,0.488372897812524,85.67256417970246,10.04473508531011,31.14783867800204,0.5231093681775093,0.2902376822050126,cubic,8.0,0.005572694835816791,0.009151169518085672,0.329322152983355,0.506113672886146,,1.5779014517180625,0.9465603406807453,0.05343965931925465,1.0855634103727512,Na1.58Cu[Fe(CN)6]0.95·1.1H2O,0.7889507258590313,0.9465603406807453,0.13837289781252404,True,22.75403881072998,,0.43786313959301004
demo-01-b04-e06,4,qnehvi,complete,Mn,0.04448208558040239,0.03682622861348171,4.119527292082202,0.25166533868831203,4.793015509784803,57.232306874766486,0.08551705518656368,19.518887699714945,200.0,10.0,10.0,0.4620692581584407,85.1165283838864,10.444474168161314,30.984799020578276,0.5575678479129549,0.29140178503957764,cubic,8.0,0.006571810568094721,0.008864644421018208,0.320744641856706,0.5185689789709853,,1.487589883780746,0.9710338551686082,0.028966144831391816,1.2404633823973068,Na1.49Mn[Fe(CN)6]0.97·1.2H2O,0.743794941890373,0.9710338551686082,0.11206925815844071,True,23.40173888206482,,0.41476819087166106
demo-01-b04-e07,4,replicate,complete,Cu,0.051950786991101,0.040303972470558544,3.959386687530926,0.2638405828884292,5.0078104146723685,56.130982849656135,0.09862649827279789,16.415148595983382,220.7027272122273,10.0,10.0,0.45825953263794805,95.7007948820321,10.038705608158196,31.445421044037754,0.5301710490260462,0.28958179132550077,cubic,8.0,0.005248811759591989,0.00971529249035278,0.3547666790459821,0.5178990111979827,,1.750954308644166,1.0049414079829133,-0.004941407982913315,1.1982068018637464,Na1.75Cu[Fe(CN)6]1.00·1.2H2O,0.875477154322083,1.0049414079829133,0.10825953263794807,True,17.693156242370605,,0.48474904121866635
demo-01-b05-e00,5,qnehvi,complete,Cu,0.04265054650417263,0.05946945027168704,4.614365713718655,0.22013049346645458,5.509894925605062,71.59692434631029,0.05000000000000001,12.121772915487346,200.0,10.0,10.0,0.47113065425366146,73.62582154945609,10.048434630672162,31.640743565923184,0.5163909415732134,0.2882779961159774,cubic,8.0,0.0055911927965266025,0.012522746059796232,0.4575872238761451,0.5788511243138826,,1.3835151163733705,0.9099053493371146,0.09009465066288536,1.1287864722505687,Na1.38Cu[Fe(CN)6]0.91·1.1H2O,0.6917575581866853,0.9099053493371146,0.12113065425366148,True,15.67899465560913,,0.38592035178143763
demo-01-b05-e01,5,qnehvi,complete,Fe,0.0662410565554394,0.029147122999667225,5.0,0.27969942589693675,5.306165824029703,70.18348563544362,0.05000000000000001,17.258650587632463,200.0,10.0,10.0,0.48115879363914377,94.61507802620227,10.156359428362697,32.36623137439417,0.525551559907582,0.2825291517106872,cubic,8.0,0.006417590978074031,0.006325854380566267,0.22580064979499237,0.5659362757251554,,1.7575248611826892,0.9564778393878219,0.04352216061217806,1.2426328240414344,Na1.76Fe[Fe(CN)6]0.96·1.2H2O,0.8787624305913446,0.9564778393878219,0.1311587936391438,True,24.041785955429077,,0.48526222204515146
demo-01-b05-e02,5,qnehvi,complete,Cu,0.04582105644009961,0.03574163042266212,3.813269274341727,0.32002471513492875,5.4297691431327575,70.89432494546122,0.06370622130075676,24.000000000000004,200.0,10.0,10.0,0.5063590000955388,79.43960982690936,10.05494466950473,31.895192173142803,0.5260509311914707,0.2852773878995896,cubic,8.0,0.006635210289653686,0.007487217539490686,0.2665514052071832,0.5810365978859551,,1.5000560161080263,0.9273116960416496,0.07268830395835035,1.2253247290755651,Na1.50Cu[Fe(CN)6]0.93·1.2H2O,0.7500280080540132,0.9273116960416496,0.15635900009553882,True,26.865318298339844,,0.4169474966293981
demo-01-b05-e03,5,qnehvi,failed,Cu,0.29056362350996645,0.061619218157068084,4.988979832269251,0.3356625250540674,6.106069786474109,72.69460807554424,0.2090443607510864,1.6077643057428934,367.6154574379325,10.0,10.0,,,,,,,,,,,,,,,,,,,,,,,9.661737203598022,hardware: wu-01: pellet lost during decant,
demo-01-b05-e04,5,qnehvi,complete,Cu,0.05397590141829596,0.06765642133326422,4.070311568399981,0.30464026831490015,4.842048380818289,71.14430219533637,0.05000000000000001,7.84743858935965,200.0,10.0,10.0,0.4374609974439567,88.38850155419725,10.054953518955585,31.417347744390604,0.5292060987057559,0.28650647221371156,cubic,8.0,0.005925489723369597,0.014585481535535173,0.5440713645248828,0.5688367416393625,,1.659067013358667,0.9262828351500489,0.07371716484995106,1.1163692688743814,Na1.66Cu[Fe(CN)6]0.93·1.1H2O,0.8295335066793335,0.9262828351500489,0.08746099744395675,True,11.846848964691162,,0.4586621618854013
demo-01-b05-e05,5,qnehvi,complete,Cu,0.04572989336770685,0.03851192860273742,4.242622894094167,0.2717978179103694,5.391207279375309,71.24860962610245,0.12261348200495796,13.129467794848962,200.0,10.0,10.0,0.4573631845517043,80.73845320931756,10.053553388967305,31.074146136447943,0.5279850348319564,0.29079280528812346,cubic,8.0,0.005433603603496984,0.008533766117548648,0.3059526151236767,0.5568247850905047,,1.4995647119525692,0.9365447546465379,0.06345524535346214,1.190830096644441,Na1.50Cu[Fe(CN)6]0.94·1.2H2O,0.7497823559762846,0.9365447546465379,0.10736318455170435,True,12.365432739257812,,0.4170493557537129
demo-01-b05-e06,5,qnehvi,complete,Cu,0.22479907979390862,0.09988859296595815,4.620907725766301,0.30929462760686877,6.470827033743262,28.520945236086845,0.06262318059212983,12.338527806719567,508.24278481304646,10.0,10.0,0.6985735864365122,56.96770219501828,10.073469121386623,29.360303343827372,0.40065367976086835,0.2805321727309038,cubic,8.0,0.0019541111076992177,0.013425592195292968,0.521252809941452,0.7311886813768939,,1.4200525071878527,0.759740906444989,0.24025909355501096,1.953289065150456,Na1.42Cu[Fe(CN)6]0.76·2.0H2O,0.7100262535939263,0.759740906444989,0.34857358643651226,True,13.215598821640015,,0.39175730579793605
demo-01-b05-e07,5,replicate,complete,Cu,0.051950786991101,0.040303972470558544,3.959386687530926,0.2638405828884292,5.0078104146723685,56.130982849656135,0.09862649827279789,16.415148595983382,220.7027272122273,10.0,10.0,0.4128798673429913,85.07755342833069,10.048507371509372,31.096788672142498,0.5489577741155693,0.28961800077979694,cubic,8.0,0.006160961872908569,0.009714763047852317,0.355620567029049,0.5179252836702979,,1.5597722192741637,0.9298113632496763,0.07018863675032372,1.123618462014245,Na1.56Cu[Fe(CN)6]0.93·1.1H2O,0.7798861096370818,0.9298113632496763,0.06287986734299134,True,14.93299913406372,,0.43268549164070985
